Test,RTX_1,Hop1,RTX_2,Hop2,RTX_3,Hop3,RTX_4,Hop4,Nodal_HopUp,Nodal_HopDown,RTT
0,0,216,0,256,0,251,0,297,1585,1646,4251
1,0,404,0,221,0,404,0,258,1494,1502,4283
2,0,317,0,236,0,383,0,333,1581,1569,4419
3,0,251,0,283,0,331,0,254,1625,1614,4358
4,0,294,0,209,0,264,0,343,1705,1574,4389
5,0,288,0,281,0,322,0,267,282,1583,3023
6,0,342,1,260,0,225,0,225,1658,1636,4346
7,0,343,0,222,0,268,0,288,1610,1585,4316
8,0,218,0,279,0,60,0,233,1574,1592,3956
9,0,236,0,251,0,337,0,269,1592,1678,4363
10,0,271,0,340,0,254,0,366,1572,1704,4507
11,0,293,0,268,0,297,0,234,1583,282,2957
12,0,292,0,284,0,260,0,262,1627,1554,4279
13,0,411,0,346,0,248,0,209,1715,1477,4406
14,0,354,0,259,0,261,0,283,1619,1581,4357
15,0,177,0,219,0,336,0,316,1608,1613,4269
16,0,351,0,634,0,274,0,354,1436,1652,4701
17,0,310,0,299,0,333,0,247,1584,1574,4347
18,0,302,0,227,0,244,0,249,1510,1646,4178
19,0,318,0,286,0,265,0,311,1640,1642,4462
20,0,311,0,276,0,288,0,241,1569,1703,4388
21,0,293,0,271,1,222,0,311,1583,1464,4144
22,0,281,0,319,0,392,0,239,1645,1641,4517
23,0,217,0,203,0,268,0,370,1598,1284,3940
24,0,321,0,281,0,315,0,268,1572,1631,4388
25,0,270,0,302,2,1202.8412060301507,0,334,1651,1666,5425.841206030151
26,0,220,0,233,0,241,0,326,1630,1521,4171
27,0,281,0,296,0,229,0,238,1645,1299,3988
28,0,296,0,199,0,398,0,229,1664,1626,4412
29,0,293,1,253,0,261,0,289,1477,1649,4222
30,1,293,0,360,0,272,0,355,1645,1569,4494
31,0,229,0,322,0,395,0,182,1574,1628,4330
32,0,298,0,241,0,243,0,186,1645,1678,4291
33,0,301,0,270,0,254,0,313,1617,1555,4310
34,0,254,0,312,0,267,0,220,1641,1490,4184
35,0,256,1,343,0,259,0,236,1572,1581,4247
36,0,254,0,355,0,302,0,267,1572,1646,4396
37,0,316,0,261,0,244,0,175,1579,1574,4149
38,0,251,0,216,0,232,0,249,1688,1596,4232
39,0,332,0,226,1,271,0,269,1594,1635,4327
40,0,220,0,203,0,236,0,241,1619,1644,4163
41,0,415,0,349,0,221,0,346,1584,1604,4519
42,0,414,0,415,0,241,0,228,1619,1650,4567
43,0,251,0,280,0,243,0,284,1646,1666,4370
44,0,254,0,317,0,237,0,284,1648,1591,4331
45,0,272,0,275,0,273,0,295,1609,1646,4370
46,0,277,0,399,0,399,0,243,1660,1470,4448
47,0,263,0,263,0,227,0,207,1683,1532,4175
48,0,307,0,228,0,250,0,513,1645,1646,4589
49,0,392,0,279,0,268,0,229,1664,1647,4479
50,0,294,0,257,0,282,0,233,1594,1547,4207
51,0,260,0,276,0,218,0,325,1569,1663,4311
52,0,244,0,215,0,359,0,298,1646,1612,4374
53,0,351,0,247,0,236,0,352,1658,1470,4314
54,0,237,0,355,0,376,0,308,1518,1630,4424
55,0,282,0,228,0,208,0,264,1685,1637,4304
56,0,242,0,239,0,286,0,396,1660,1624,4447
57,0,269,0,326,0,264,0,60,1674,1597,4190
58,2,1126.8412060301507,0,312,0,365,0,270,1654,1715,5442.841206030151
59,0,287,0,245,0,279,0,298,1574,1644,4327
60,0,261,0,299,0,240,0,293,1587,1617,4297
61,0,351,0,270,0,333,0,278,1636,1718,4586
62,0,313,0,272,0,197,0,393,1636,1553,4364
63,0,240,0,275,0,302,0,281,1670,1714,4482
64,0,263,0,295,0,220,0,258,1450,1572,4058
65,0,250,0,209,0,312,0,283,1401,1620,4075
66,0,223,0,228,0,281,0,243,1546,1421,3942
67,0,187,0,262,0,270,0,259,1629,1625,4232
68,0,251,0,322,0,310,0,250,1603,1660,4396
69,0,302,0,286,0,277,0,220,1626,1514,4225
70,0,274,0,298,0,286,0,351,1618,1667,4494
71,0,373,0,232,0,238,0,410,1639,1639,4531
72,0,458,0,256,0,302,0,436,1700,1667,4819
73,0,285,0,383,0,489,0,288,1432,1349,4226
74,0,409,0,293,0,296,0,237,282,1663,3180
75,0,278,0,229,0,312,0,543,1529,1579,4470
76,0,237,0,316,0,245,0,240,1699,1606,4343
77,0,491,0,250,0,333,0,270,1651,1646,4641
78,0,236,0,413,0,744,0,239,1574,1609,4815
79,0,285,0,385,0,298,0,293,1512,1626,4399
80,1,242,0,259,0,244,0,365,1602,1621,4333
81,0,398,0,424,0,268,0,293,1581,1574,4538
82,0,219,0,236,0,371,0,226,1718,1685,4455
83,0,321,0,235,0,343,0,315,1555,1663,4432
84,0,480,0,252,0,280,0,237,1595,1603,4447
85,0,291,0,302,0,240,0,240,1604,1485,4162
86,0,330,0,293,0,239,0,293,1604,1573,4332
87,1,261,0,406,0,228,0,407,1574,1557,4433
88,0,489,0,172,0,314,0,253,1665,1194,4087
89,0,351,0,319,0,337,0,295,1601,1604,4507
90,0,496,0,306,0,220,0,257,1643,1511,4433
91,0,267,0,334,0,210,0,344,1527,1635,4317
92,0,232,0,226,0,265,0,314,1669,1572,4278
93,0,334,0,277,0,288,0,219,1644,1610,4372
94,0,247,0,396,0,316,0,238,1540,1602,4339
95,0,242,0,297,0,321,0,244,1640,1530,4274
96,0,309,0,307,0,276,0,411,1674,1714,4691
97,0,293,0,283,0,358,0,261,1591,1586,4372
98,0,221,0,249,0,245,0,245,1644,1586,4190
99,0,238,0,249,0,350,0,354,1643,1620,4454
100,0,193,0,318,0,294,0,331,1665,1639,4440
101,0,250,0,289,0,232,0,233,1592,1478,4074
102,0,268,0,269,0,228,1,318,1510,1688,4281
103,0,344,0,192,0,281,0,256,1617,1580,4270
104,0,232,0,302,0,310,0,319,1555,1603,4321
105,0,293,0,244,0,317,0,177,1646,1619,4296
106,0,251,0,343,0,268,0,274,1450,1644,4230
107,0,269,0,302,0,230,0,339,1659,1569,4368
108,0,277,0,266,0,268,0,233,1630,1291,3965
109,0,249,0,281,0,228,0,276,1618,1570,4222
110,0,315,0,255,0,303,0,284,1581,1540,4278
111,0,292,0,302,0,276,0,744,1592,1606,4812
112,0,291,0,239,0,372,0,248,1666,1640,4456
113,0,337,0,267,0,289,0,231,1645,1528,4297
114,0,348,0,323,0,272,0,276,1682,1614,4515
115,0,299,0,280,0,227,0,298,1572,1637,4313
116,0,237,0,293,1,241,0,248,1388,1662,4069
117,0,235,0,271,0,235,0,245,1600,1601,4187
118,0,271,0,280,0,282,0,427,1644,1635,4539
119,0,238,0,234,0,256,0,320,1496,1235,3779
120,0,346,0,392,0,199,0,344,1521,1619,4421
121,0,280,0,276,0,411,0,246,1640,1659,4512
122,0,273,0,272,0,335,0,245,1587,1284,3996
123,0,224,0,224,0,276,0,268,1471,1629,4092
124,0,311,0,302,0,245,0,268,1572,1637,4335
125,0,214,0,300,0,226,0,232,1568,1632,4172
126,0,261,0,256,0,308,0,263,1498,1494,4080
127,0,252,0,235,0,222,0,279,1667,1624,4279
128,0,317,0,1098,0,207,0,283,1563,1388,4856
129,0,298,0,1644,0,208,0,291,1619,1568,5628
130,1,290,5,3645.364824120603,0,276,0,236,1638,1572,7657.364824120603
131,0,254,0,241,0,310,0,293,1665,1641,4404
132,0,256,0,292,0,277,0,364,1621,1636,4446
133,0,240,0,233,0,261,0,186,1632,1624,4176
134,0,238,0,307,0,304,0,276,1441,1608,4174
135,0,351,0,166,0,238,0,266,1514,1513,4048
136,0,313,0,285,0,300,0,293,1645,1645,4481
137,0,230,0,221,0,271,0,271,1527,1592,4112
138,0,277,0,275,0,304,0,200,1496,1683,4235
139,0,263,0,273,0,347,0,290,1631,1657,4461
140,0,234,0,343,0,342,0,255,1514,993,3681
141,0,298,0,238,0,262,0,337,1471,1694,4300
142,0,234,0,223,0,309,0,238,1488,1470,3962
143,0,273,0,264,1,310,0,238,1518,1658,4261
144,1,263,0,245,0,278,0,260,1640,1477,4163
145,0,313,0,327,0,385,0,275,1518,1657,4475
146,0,272,0,144,0,276,0,324,1578,1583,4177
147,0,226,0,931,0,326,0,235,1381,1668,4767
148,0,431,0,297,0,271,0,261,1608,1643,4511
149,0,299,0,295,0,296,0,1644,1658,1637,5829
150,0,237,0,293,0,421,0,297,1595,1625,4468
151,0,270,0,321,0,357,0,324,1571,1614,4457
152,0,322,0,274,0,234,0,634,1680,1600,4744
153,0,258,0,250,0,279,0,354,1519,1586,4246
154,0,398,0,188,0,288,0,263,1568,1533,4238
155,1,299,0,302,0,235,0,355,1626,1291,4108
156,0,275,0,254,0,233,0,240,1639,1694,4335
157,2,1156.8412060301507,0,313,0,253,0,245,1647,1664,5278.841206030151
158,0,250,0,357,0,236,0,179,1678,1620,4320
159,0,213,0,247,0,285,0,304,1715,1540,4304
160,0,376,0,257,0,228,0,218,1555,1618,4252
161,0,379,0,229,0,299,0,344,1658,1643,4552
162,0,220,0,291,0,280,0,366,1607,1703,4467
163,0,351,0,309,0,280,0,252,1383,1685,4260
164,0,382,0,321,0,292,0,229,1585,1612,4421
165,0,304,0,283,0,257,0,240,1630,1619,4333
166,0,535,0,339,0,300,0,228,1634,1652,4688
167,0,269,0,236,0,281,0,346,1633,1581,4346
168,0,239,0,263,0,312,0,263,1502,1572,4151
169,0,361,0,296,0,321,0,243,1610,1421,4252
170,0,345,0,235,0,60,0,257,1627,1637,4161
171,0,279,0,285,0,272,0,281,1667,1621,4405
172,0,210,0,201,0,291,0,383,1598,1629,4312
173,0,338,0,245,0,387,0,345,1588,1326,4229
174,0,328,0,268,0,286,0,271,1640,1628,4421
175,1,187,0,225,0,260,0,278,1643,1535,4128
176,0,224,0,322,0,243,0,308,1646,1620,4363
177,0,340,0,299,0,308,0,189,1649,1600,4385
178,0,236,0,352,0,322,0,408,1629,1554,4501
179,0,265,0,323,0,323,0,328,1656,1291,4186
180,0,188,0,274,0,221,0,299,1682,1518,4182
181,0,283,0,1416,0,241,0,198,1594,1530,5262
182,0,218,0,377,0,355,0,264,1624,1596,4434
183,0,315,0,266,0,255,0,304,1617,1644,4401
184,0,359,0,387,0,348,0,327,1668,1592,4681
185,0,315,0,207,0,409,0,242,1636,1530,4339
186,0,276,0,236,0,238,0,321,1575,1593,4239
187,0,290,0,263,0,251,0,299,1630,1657,4390
188,0,249,0,330,0,184,0,395,1670,1690,4518
189,0,241,0,237,1,265,0,315,1617,1628,4303
190,0,184,0,274,0,305,0,249,1645,1525,4182
191,0,383,0,289,0,298,0,239,1326,1634,4169
192,0,259,0,246,0,232,0,136,1540,1512,3925
193,0,344,0,226,0,235,0,248,1621,1645,4319
194,0,244,0,339,0,303,0,293,1679,1723,4581
195,0,304,0,279,0,268,0,279,1530,1702,4362
196,0,530,0,306,0,271,0,295,1663,1530,4595
197,0,222,0,297,0,279,0,300,1610,1691,4399
198,0,299,0,318,0,332,0,190,1510,1615,4264
199,0,194,1,316,0,267,0,274,1644,1620,4315
200,0,239,0,253,0,348,0,257,1657,1596,4350
201,0,316,0,300,0,283,0,336,1663,1651,4549
202,0,193,0,407,0,272,0,303,1659,1581,4415
203,0,252,0,275,0,274,0,634,1743,1639,4817
204,0,289,0,279,0,337,0,293,1632,1644,4474
205,0,274,0,504,0,299,1,396,1628,1568,4669
206,0,270,0,361,0,243,0,224,1057,1057,3212
207,1,291,0,233,0,261,0,427,1656,1514,4382
208,0,313,0,207,0,206,0,399,1691,1402,4218
209,0,187,0,277,0,280,0,240,1639,1291,3914
210,0,250,0,230,0,256,0,335,1589,1624,4284
211,0,257,0,237,0,265,1,234,1588,1626,4207
212,0,284,0,206,0,206,0,338,1666,1616,4316
213,0,314,0,521,0,269,1,283,1568,1546,4501
214,0,340,0,238,0,297,0,293,1529,1553,4250
215,0,226,0,252,0,251,0,299,1598,1585,4211
216,0,241,0,284,0,292,0,255,1593,1597,4262
217,0,358,0,300,0,236,0,309,1670,1629,4502
218,0,253,0,196,0,387,0,273,1530,1572,4211
219,0,237,0,334,0,224,0,322,1701,1574,4392
220,0,306,0,232,0,242,0,270,1194,1702,3946
221,0,241,0,260,0,344,0,269,1629,1652,4395
222,0,276,0,279,0,273,0,236,1652,1633,4349
223,0,383,0,233,0,265,0,245,1597,1645,4368
224,0,232,0,231,0,220,0,241,1662,1715,4301
225,0,225,0,304,0,262,0,238,1641,1605,4275
226,0,144,0,354,1,310,0,234,1616,1613,4271
227,0,393,0,253,0,229,0,237,1637,1668,4417
228,0,205,0,249,0,235,0,274,1617,1740,4320
229,0,258,0,268,0,203,0,232,1640,1563,4164
230,0,247,0,419,0,338,0,371,1685,1605,4665
231,0,249,0,321,0,302,0,249,1565,1617,4303
232,0,243,0,264,0,223,0,288,1580,1516,4114
233,0,251,0,310,0,223,0,251,1643,1712,4390
234,0,198,0,319,0,264,0,241,1586,1657,4265
235,0,299,0,265,0,256,0,246,1476,1699,4241
236,0,307,0,301,0,300,0,276,1479,1641,4304
237,0,274,0,305,0,296,0,261,1574,1692,4402
238,0,289,0,290,0,296,0,339,1552,1636,4402
239,0,396,0,289,0,292,0,60,1555,1569,4161
240,0,336,0,299,0,285,0,257,1609,1651,4437
241,0,392,0,326,0,277,0,344,1529,1157,4025
242,0,201,0,308,0,188,0,270,1611,1530,4108
243,0,246,0,228,0,264,0,242,1565,1535,4080
244,0,243,0,255,0,593,0,286,1669,1557,4603
245,0,221,0,346,0,271,1,305,1610,1610,4363
246,0,256,0,273,0,307,0,321,1691,1603,4451
247,0,309,0,286,0,407,0,393,1674,1582,4651
248,0,333,0,251,0,287,0,256,1634,1625,4386
249,2,1154.8412060301507,0,232,0,521,0,266,1576,1694,5443.841206030151
250,0,269,0,241,0,338,0,279,1630,1572,4329
251,1,246,0,300,0,261,0,310,1535,1245,3897
252,0,164,0,264,1,453,0,263,1586,1605,4335
253,0,233,0,245,5,3696.364824120603,5,3786.364824120603,1633,1610,11203.729648241206
254,0,203,0,310,0,185,0,350,1463,1606,4117
255,0,274,0,268,0,353,0,297,1646,1571,4409
256,0,264,0,256,0,240,0,244,1583,1667,4254
257,0,576,0,228,0,269,0,353,1597,1284,4307
258,0,276,0,409,0,307,0,109,1565,1701,4367
259,0,278,0,338,0,300,0,240,1235,1604,3995
260,0,355,0,238,0,255,0,354,1740,1349,4291
261,0,282,0,318,0,268,0,393,1624,1566,4451
262,0,229,0,271,0,355,0,240,1572,1571,4238
263,0,349,0,300,0,259,0,252,1505,1634,4299
264,0,258,1,282,0,231,0,295,1510,1761,4337
265,0,292,0,243,0,214,0,223,1194,1572,3738
266,0,307,0,495,0,376,0,338,1604,1602,4722
267,0,314,0,250,0,395,0,289,1646,993,3887
268,0,302,0,144,0,297,0,221,1636,1723,4323
269,0,285,0,502,0,279,0,219,993,1662,3940
270,0,283,0,293,0,290,0,293,1471,1605,4235
271,0,255,0,257,0,276,0,359,1648,1401,4196
272,0,382,1,330,0,301,0,224,1538,1381,4156
273,0,234,0,438,0,299,0,303,1627,1626,4527
274,0,256,1,255,1,355,0,203,1616,1604,4289
275,0,188,0,353,0,244,0,277,1395,1605,4062
276,0,451,0,260,0,356,0,253,1617,1166,4103
277,0,276,1,60,0,257,0,341,1627,1740,4301
278,0,243,0,232,0,293,0,294,1694,1715,4471
279,0,328,0,278,0,371,0,225,1509,1516,4227
280,0,241,0,315,0,261,0,273,1620,1535,4245
281,0,311,0,400,0,224,0,306,1620,1578,4439
282,0,274,1,338,0,262,0,321,1514,1478,4187
283,0,235,0,217,0,308,0,243,1593,1699,4295
284,0,236,0,281,0,315,0,294,1799,1597,4522
285,0,296,0,255,0,337,0,284,1536,1567,4275
286,0,634,0,234,0,225,0,227,1587,1572,4479
287,0,288,0,255,0,304,0,233,1578,1530,4188
288,0,277,0,298,0,330,0,325,1567,1511,4308
289,0,243,0,239,0,312,0,284,1624,1633,4335
290,0,262,0,286,0,315,0,931,1529,1695,5018
291,0,336,0,315,0,495,0,396,1641,1655,4838
292,0,314,0,283,0,304,0,291,1569,1652,4413
293,0,235,0,193,0,355,0,287,1694,1666,4430
294,0,334,0,427,0,244,0,301,1613,1667,4586
295,0,270,0,530,0,285,0,382,1538,1679,4684
296,0,252,0,226,0,396,0,322,1580,1245,4021
297,0,521,0,253,0,382,0,271,1613,1669,4709
298,0,238,0,272,0,286,0,972,1496,1610,4874
299,0,339,0,267,0,219,0,228,1615,1644,4312
300,0,421,0,245,0,136,0,299,1583,1596,4280
301,0,249,0,341,0,280,0,258,1633,1600,4361
302,0,247,0,278,0,251,0,333,1627,1703,4439
303,0,272,0,293,0,272,0,246,1624,1589,4296
304,0,194,1,333,0,297,0,224,1474,1497,4019
305,0,410,0,326,0,295,0,257,1666,1660,4614
306,0,305,0,309,0,274,0,235,1291,1600,4014
307,0,226,0,252,0,328,0,248,1624,1593,4271
308,0,367,0,308,0,361,0,298,1620,1685,4639
309,0,178,0,161,0,309,0,282,1511,1610,4051
310,0,389,1,300,0,787,1,284,1651,1514,4925
311,0,252,1,235,0,293,0,327,1685,1637,4429
312,0,334,0,328,0,141,0,236,1662,1665,4366
313,0,221,0,244,0,293,0,276,1694,1606,4334
314,0,251,0,262,0,274,0,255,1642,1525,4209
315,0,297,0,274,0,290,1,276,1553,1815,4505
316,0,494,0,233,0,240,0,229,1598,1596,4390
317,0,314,0,358,0,284,0,272,1578,1619,4425
318,0,297,0,238,0,295,0,271,1578,1589,4268
319,0,251,0,409,0,246,0,308,1610,1564,4388
320,0,211,0,263,0,293,0,422,1697,1563,4449
321,0,393,1,247,0,237,0,347,1666,1634,4524
322,0,249,0,251,0,278,0,172,1584,282,2816
323,0,350,0,333,0,311,2,1042.8412060301507,1538,1667,5241.841206030151
324,0,237,0,250,0,287,0,190,1581,1597,4142
325,0,329,0,259,0,593,0,275,1604,1620,4680
326,0,337,2,1154.8412060301507,0,238,0,311,1604,1660,5304.841206030151
327,0,285,0,265,0,255,0,269,1669,1712,4455
328,0,331,0,294,0,350,0,308,1601,1565,4449
329,0,278,0,214,0,199,0,226,1644,1635,4196
330,0,222,0,257,0,252,0,238,1505,1619,4093
331,0,330,0,283,0,233,0,266,1328,1652,4092
332,0,491,0,299,0,259,0,307,1697,1680,4733
333,0,311,0,361,0,298,0,244,1683,1588,4485
334,1,256,0,282,0,345,0,256,1652,1572,4363
335,0,293,0,267,0,236,0,362,1519,1565,4242
336,0,338,0,341,1,236,0,207,1580,1640,4342
337,0,244,0,252,0,297,0,313,1674,1668,4448
338,0,370,0,291,0,273,0,313,1658,1540,4445
339,0,205,0,335,0,238,5,3781.364824120603,1583,1705,7847.364824120603
340,0,241,0,231,0,297,0,284,1608,1652,4313
341,0,251,0,248,0,307,0,234,1621,1530,4191
342,0,293,0,306,0,346,0,282,1586,1591,4404
343,0,253,0,212,0,425,0,202,1536,1608,4236
344,0,471,0,295,0,246,0,352,1619,1616,4599
345,0,296,0,336,0,161,0,241,1639,1593,4266
346,0,275,0,396,0,431,0,370,1572,1662,4706
347,0,264,0,213,0,284,0,276,1674,1580,4291
348,0,308,0,274,0,531,0,345,1667,1625,4750
349,0,285,0,289,0,298,0,342,1518,1641,4373
350,0,421,0,304,0,291,0,354,1566,1473,4409
351,0,358,0,304,0,281,0,259,1574,1679,4455
352,0,251,0,282,0,316,1,333,1485,1605,4272
353,0,271,0,306,0,231,0,299,1587,1671,4365
354,0,251,0,228,0,453,0,252,1648,1561,4393
355,0,283,0,311,0,226,0,393,1514,1528,4255
356,0,343,0,451,0,255,0,335,1702,1567,4653
357,0,415,0,274,0,351,1,243,1670,1647,4600
358,0,228,5,3691.364824120603,0,420,0,361,1601,1584,7885.364824120603
359,0,397,0,291,0,279,0,221,1639,1574,4401
360,0,336,0,307,0,205,0,230,1636,1607,4321
361,0,235,0,303,0,141,0,338,1555,1604,4176
362,0,265,0,294,0,258,0,259,1687,1665,4428
363,0,254,0,268,0,240,0,286,1663,1815,4526
364,0,238,0,319,0,270,0,226,1640,1656,4349
365,0,303,0,235,0,291,0,288,1667,1619,4403
366,0,305,0,356,0,147,0,267,1528,1644,4247
367,0,352,0,279,0,247,0,320,1521,1518,4237
368,0,235,0,347,0,459,0,299,1463,1678,4481
369,0,399,0,147,0,418,0,276,1651,1645,4536
370,0,473,0,301,0,468,0,247,1525,1547,4561
371,0,285,0,262,0,219,0,278,1585,1625,4254
372,0,301,0,252,0,339,0,393,1629,1641,4555
373,1,265,0,272,0,235,0,340,1639,1670,4421
374,0,293,0,253,0,278,0,1098,1518,1584,5024
375,0,272,0,222,0,272,0,923,1563,1432,4684
376,0,283,0,280,0,277,0,256,1678,1667,4441
377,0,248,0,262,0,314,0,226,1528,1514,4092
378,0,360,0,187,0,419,0,229,1604,1572,4371
379,0,205,0,245,0,244,0,265,1626,1671,4256
380,0,222,1,255,0,253,0,295,1564,1511,4100
381,1,272,0,461,0,260,0,272,1626,1616,4507
382,0,385,0,272,0,274,0,291,1574,1546,4342
383,0,1098,0,281,0,305,0,271,1663,1664,5282
384,0,385,0,309,0,314,0,224,1651,1585,4468
385,0,388,0,288,0,307,0,304,1657,1635,4579
386,0,725,0,337,0,222,0,241,1685,1489,4699
387,0,248,0,275,0,295,0,281,1600,1586,4285
388,0,308,0,294,0,297,0,275,1571,1529,4274
389,0,252,0,331,0,335,0,306,1621,1658,4503
390,0,256,0,234,0,245,0,279,1743,1584,4341
391,0,279,0,241,0,234,0,236,1627,1621,4238
392,0,261,0,247,0,284,0,292,1541,1395,4020
393,0,354,0,359,0,234,0,3,1605,1630,4185
394,0,267,0,252,0,183,0,238,1565,1245,3750
395,0,476,0,590,0,97,0,439,1614,1604,4820
396,0,298,0,260,0,225,0,289,1555,1651,4278
397,0,187,0,340,1,325,0,314,1631,1582,4379
398,0,284,0,250,0,297,0,259,1614,1617,4321
399,0,278,0,316,0,279,0,261,1586,1699,4419
400,1,259,0,251,0,274,0,257,1723,1650,4414
401,0,260,0,248,0,244,0,258,1738,1571,4319
402,2,998.8412060301507,0,277,0,253,0,310,1490,1657,4985.841206030151
403,0,311,0,348,0,232,0,345,1619,1648,4503
404,0,274,0,343,0,327,0,390,1619,1570,4523
405,0,220,0,109,0,274,0,252,1714,1634,4203
406,0,291,0,238,0,267,0,291,1574,1675,4336
407,0,374,0,287,0,367,0,344,1683,1580,4635
408,0,228,0,305,0,243,0,283,1337,1597,3993
409,0,213,0,385,0,289,0,293,1641,1514,4335
410,0,279,0,277,0,324,0,299,1401,1603,4183
411,0,274,0,272,0,302,0,273,1578,1565,4264
412,1,231,0,267,0,185,0,283,1496,1605,4067
413,0,383,0,293,2,1139.8412060301507,0,277,1583,1626,5301.841206030151
414,0,289,0,273,0,333,0,418,1630,1470,4413
415,0,299,0,259,0,177,0,250,1606,1588,4179
416,0,186,0,335,0,276,1,222,1550,1641,4210
417,0,404,0,299,0,357,2,1096.8412060301507,1604,1651,5411.841206030151
418,0,261,0,293,0,273,0,212,1610,1570,4219
419,0,187,0,382,0,221,0,293,1655,1592,4330
420,1,289,0,265,0,271,0,439,1688,1538,4490
421,0,219,0,270,0,393,0,316,1662,1611,4471
422,0,425,0,306,0,265,0,330,1525,1658,4509
423,0,288,0,241,0,274,0,290,1683,1402,4178
424,0,279,1,387,0,299,0,243,1645,1592,4445
425,0,227,0,253,0,352,0,246,1649,1591,4318
426,0,355,0,248,0,270,0,236,1580,1235,3924
427,0,413,0,243,0,245,0,296,1619,1634,4450
428,0,225,0,274,0,286,0,267,1645,1667,4364
429,0,296,0,314,0,228,0,232,1488,1644,4202
430,0,277,0,286,0,345,0,279,1629,1616,4432
431,0,201,0,331,0,244,0,299,1619,1654,4348
432,0,305,0,248,0,228,0,230,1670,1688,4369
433,0,223,0,277,0,366,0,297,1662,1636,4461
434,0,276,0,413,0,382,0,337,1697,1664,4769
435,0,297,0,287,0,345,0,282,1664,1588,4463
436,0,225,0,360,0,237,0,302,1669,1652,4445
437,0,227,1,295,0,224,0,393,1705,1516,4360
438,0,268,0,291,0,387,0,228,1657,1572,4403
439,0,337,0,336,0,387,0,278,1604,1627,4569
440,0,419,0,277,0,281,0,335,1585,1641,4538
441,0,263,0,351,0,241,0,245,1602,1618,4320
442,0,325,0,285,0,207,0,286,1604,1646,4353
443,0,278,0,228,0,278,0,348,1597,1558,4287
444,0,288,0,288,0,216,0,328,1602,1581,4303
445,0,260,0,289,0,408,0,256,1703,1553,4469
446,0,234,0,236,0,336,0,381,1619,1602,4408
447,0,308,0,274,0,203,0,222,1600,1630,4237
448,0,209,0,321,0,251,0,193,1614,1633,4221
449,0,308,0,266,0,224,0,193,1657,1579,4227
450,0,220,2,1131.8412060301507,0,228,0,242,1481,1704,5006.841206030151
451,0,241,0,218,0,243,0,278,1630,1659,4269
452,0,271,0,218,0,387,0,255,1669,1609,4409
453,0,235,0,251,0,292,0,229,1518,1401,3926
454,0,227,0,389,0,383,0,290,1617,1645,4551
455,0,383,0,298,0,397,0,219,1664,1605,4566
456,0,236,1,207,0,228,0,307,1563,1666,4207
457,0,243,0,336,0,335,0,260,1630,1629,4433
458,0,397,0,262,0,354,0,226,1637,1602,4478
459,0,231,0,230,0,288,0,334,1586,1529,4198
460,0,136,0,279,0,256,0,297,1688,1612,4268
461,0,306,0,276,0,288,0,250,1608,1655,4383
462,0,278,0,502,0,349,0,228,1646,1479,4482
463,0,234,1,931,0,313,0,238,1598,1620,4934
464,0,189,0,246,0,256,0,218,1513,1664,4086
465,0,292,0,235,0,314,0,263,1648,1648,4400
466,0,435,0,309,2,1071.8412060301507,0,543,1585,1514,5457.841206030151
467,0,333,0,253,0,315,0,298,1648,1578,4425
468,0,328,0,325,0,256,0,253,1657,1637,4456
469,0,323,0,343,0,262,0,283,1245,1514,3970
470,0,273,0,297,0,205,0,229,1619,1589,4212
471,0,300,0,295,0,233,0,317,1645,1661,4451
472,0,360,0,284,0,247,0,233,1621,1235,3980
473,0,327,0,284,0,297,0,362,1624,1608,4502
474,0,305,0,292,0,273,5,3684.364824120603,1799,1662,8015.364824120603
475,0,304,0,250,0,299,0,289,1630,1587,4359
476,0,238,0,408,0,240,0,312,1570,1624,4392
477,0,273,0,293,0,235,0,281,1688,1605,4375
478,0,302,0,264,0,269,0,355,1694,1513,4397
479,0,292,0,279,0,266,0,296,1738,1481,4352
480,0,248,0,461,0,422,0,283,1572,1651,4637
481,0,327,1,278,0,279,0,355,1550,1586,4375
482,0,304,0,290,0,267,0,240,1630,1628,4359
483,0,317,0,277,0,269,0,241,1529,1683,4316
484,0,301,0,342,0,387,0,232,1704,1574,4540
485,0,431,0,275,0,283,0,260,1574,1573,4396
486,0,235,0,303,0,325,0,544,1683,1619,4709
487,0,271,0,260,0,353,0,316,1471,1560,4231
488,0,271,0,237,0,424,0,281,1578,1738,4529
489,0,404,0,252,0,241,0,348,1554,1436,4235
490,0,294,0,174,0,250,0,321,1701,1624,4364
491,0,384,0,280,0,366,0,285,1669,1670,4654
492,0,311,0,286,0,346,1,277,1636,1589,4445
493,0,276,0,237,0,351,0,298,1665,1582,4409
494,0,476,0,277,0,366,0,236,1633,1555,4543
495,0,231,0,274,0,262,0,235,1604,1395,4001
496,0,262,1,271,0,231,0,228,1630,1470,4092
497,0,265,0,266,0,318,0,343,1570,1561,4323
498,0,235,0,289,0,291,0,198,1617,1617,4247
499,0,342,0,267,0,97,0,351,1588,1633,4278
500,0,321,0,234,0,270,0,308,1610,1663,4406
501,0,283,0,419,0,269,0,304,1511,1616,4402
502,0,335,0,215,0,274,0,225,1568,1536,4153
503,0,311,0,383,0,256,0,261,1546,1644,4401
504,0,316,0,379,0,255,0,415,1579,1666,4610
505,0,207,0,277,0,238,0,310,1554,1584,4170
506,0,217,0,249,0,287,0,326,1641,1604,4324
507,0,289,0,297,0,281,0,535,1582,1562,4546
508,0,425,0,251,0,222,0,247,1660,1166,3971
509,0,288,0,186,0,195,0,438,1700,1665,4472
510,0,221,0,515,0,309,0,360,1655,1617,4677
511,0,310,0,292,0,421,0,220,1649,1584,4476
512,5,3953.364824120603,0,238,0,219,0,298,1450,1578,7736.364824120603
513,0,290,0,240,0,395,0,292,1592,1514,4323
514,0,476,0,344,0,271,0,390,1574,1667,4722
515,0,322,0,358,0,293,0,304,1518,1541,4336
516,0,297,0,291,0,232,0,308,1417,1473,4018
517,0,255,0,278,0,392,0,276,1593,1666,4460
518,0,242,0,263,0,359,0,288,1568,1560,4280
519,0,274,0,453,0,271,0,252,1550,1644,4444
520,0,355,0,315,0,259,0,306,1441,1337,4013
521,0,232,0,265,0,265,0,240,1647,1690,4339
522,0,262,0,270,0,354,0,242,1603,1565,4296
523,0,292,0,234,0,235,0,329,1593,1704,4387
524,0,308,0,281,0,230,0,272,1570,1558,4219
525,0,236,0,243,0,311,0,267,1699,1616,4372
526,0,257,0,257,0,268,0,282,1631,1642,4337
527,0,270,0,271,0,349,0,282,1602,1714,4488
528,0,232,0,309,0,411,0,580,1555,1620,4707
529,0,237,0,513,0,439,0,231,1584,1553,4557
530,0,267,0,280,0,272,0,253,1636,1687,4395
531,1,293,0,263,0,255,0,296,1663,1586,4356
532,0,302,0,227,0,284,0,292,1610,1680,4395
533,0,263,0,297,0,281,0,292,1635,1563,4331
534,0,321,0,399,0,251,0,203,1474,1678,4326
535,0,258,0,333,0,227,0,260,1593,1594,4265
536,0,298,0,285,0,531,0,216,1598,1611,4539
537,0,293,0,453,0,294,0,277,1665,1616,4598
538,0,283,0,262,0,333,0,220,1518,1658,4274
539,0,218,0,314,0,243,0,298,1647,1598,4318
540,0,264,0,259,0,255,0,236,1541,1616,4171
541,0,297,0,287,0,241,0,286,1575,1635,4321
542,0,201,0,333,0,317,0,274,1610,1659,4394
543,2,1225.8412060301507,0,280,0,265,0,271,1630,1641,5312.841206030151
544,0,406,0,392,0,287,0,295,1714,1574,4668
545,0,290,0,228,0,358,0,267,1514,1641,4298
546,0,302,0,327,0,299,0,272,1555,1666,4421
547,0,274,0,290,0,372,0,244,1512,1581,4273
548,0,288,0,396,0,264,0,200,1507,1592,4247
549,0,306,0,317,0,304,0,238,1617,1513,4295
550,0,257,0,308,0,228,0,418,1553,1598,4362
551,0,453,0,425,0,210,0,321,1697,1644,4750
552,0,305,0,252,0,396,0,241,1678,1640,4512
553,0,235,0,293,0,431,0,382,1630,1631,4602
554,0,236,0,292,0,340,0,281,1640,1602,4391
555,0,281,0,261,0,419,0,262,1633,1688,4544
556,0,329,0,471,0,453,0,286,1574,1659,4772
557,0,209,0,269,1,384,0,200,1613,1436,4111
558,0,1644,0,285,0,275,0,252,1557,1593,5606
559,0,634,0,187,0,285,0,243,1591,1685,4625
560,0,307,0,312,0,418,0,251,1570,1715,4573
561,0,320,0,304,0,330,0,234,1641,1585,4414
562,0,274,0,309,0,238,0,297,1609,1428,4155
563,0,276,0,312,0,264,0,343,1463,1505,4163
564,0,367,0,290,0,258,0,283,1637,1614,4449
565,0,182,0,254,0,228,0,280,1349,1494,3787
566,0,307,0,261,0,312,0,241,1665,1657,4443
567,0,317,0,250,0,310,0,340,1555,1495,4267
568,0,297,0,278,0,320,0,269,1619,1511,4294
569,0,301,0,240,0,249,0,213,1617,1600,4220
570,0,264,0,237,0,233,0,242,1651,1581,4208
571,0,290,0,325,0,269,0,250,1648,1621,4403
572,0,276,0,284,0,521,0,278,1660,1572,4591
573,0,230,0,284,0,293,0,274,1620,1621,4322
574,0,483,0,413,0,199,0,404,1625,1595,4719
575,0,268,0,280,0,277,0,229,1628,1624,4306
576,0,223,0,282,0,305,0,293,1518,1529,4150
577,0,236,0,302,0,333,5,3757.364824120603,1511,1488,7627.364824120603
578,0,290,0,231,0,259,0,272,1569,1688,4309
579,0,272,0,185,0,230,0,277,1694,1553,4211
580,0,308,0,923,0,321,0,289,1605,1583,5029
581,0,249,0,458,0,294,0,235,1651,1657,4544
582,0,242,0,251,0,289,0,339,1639,1585,4345
583,0,303,0,395,0,302,0,431,1603,1593,4627
584,0,270,0,226,0,250,0,392,1610,1657,4405
585,0,242,0,242,0,233,0,351,1688,1641,4397
586,0,361,0,305,0,286,0,226,1582,1635,4395
587,0,297,0,256,1,326,0,317,1698,1495,4389
588,0,435,0,382,2,1156.8412060301507,0,205,1529,1586,5293.841206030151
589,0,272,0,240,0,289,0,304,1654,1284,4043
590,0,242,0,329,0,310,0,260,1604,1488,4233
591,0,274,0,229,0,279,0,252,1525,1629,4188
592,0,593,0,387,0,262,0,272,1669,1715,4898
593,0,247,0,235,0,329,0,198,1546,1328,3883
594,0,308,0,97,0,299,0,225,1637,1597,4163
595,0,293,0,234,0,303,0,273,1532,1714,4349
596,0,205,0,305,0,260,0,265,1591,1496,4122
597,0,228,0,277,0,334,0,267,1572,1473,4151
598,0,191,0,379,0,263,0,250,1581,1675,4339
599,0,343,0,255,0,353,0,344,1470,1539,4304
600,0,203,0,355,0,240,0,282,1674,1535,4289
601,0,213,0,337,0,346,0,284,1593,1692,4465
602,0,217,0,182,0,248,0,238,1662,1610,4157
603,0,388,0,242,0,285,1,245,1667,1524,4351
604,0,229,0,247,0,272,0,228,1627,1337,3940
605,0,265,0,316,0,263,0,237,1631,1658,4370
606,0,277,0,252,0,331,0,267,1691,1665,4483
607,0,223,0,300,0,354,0,260,1488,1608,4233
608,0,229,0,328,0,282,0,258,1657,1620,4374
609,0,252,0,282,0,261,0,232,1535,1524,4086
610,0,351,0,307,0,244,1,411,1658,1349,4320
611,0,261,0,242,0,305,0,263,1521,1645,4237
612,0,268,0,274,0,237,0,296,1582,1761,4418
613,0,262,0,372,0,282,0,249,1621,1581,4367
614,0,392,0,1644,0,248,0,229,1524,1395,5432
615,0,242,0,398,0,347,0,256,1648,1714,4605
616,0,344,0,247,1,239,0,355,1648,1600,4433
617,0,245,0,232,0,274,0,227,1610,1578,4166
618,0,230,0,243,0,211,0,277,1626,1598,4185
619,0,228,0,309,0,258,0,280,1703,1637,4415
620,0,189,0,393,0,240,0,231,1535,1597,4185
621,0,270,0,298,0,224,0,383,1634,1655,4464
622,0,299,0,220,0,219,0,274,1619,1688,4319
623,0,253,0,213,1,310,0,249,1463,1637,4125
624,0,303,0,358,0,212,0,252,1514,1607,4246
625,0,305,0,275,0,257,0,374,1667,1657,4535
626,0,262,1,410,0,314,0,396,1573,1605,4560
627,0,300,0,303,0,334,0,264,1528,1574,4303
628,0,283,0,281,0,366,0,737,1597,1557,4821
629,0,338,0,268,0,293,0,273,1662,1618,4452
630,0,289,0,338,0,251,0,263,1635,1667,4443
631,0,276,0,395,0,354,0,241,1665,1558,4489
632,0,251,0,339,0,359,0,281,282,1582,3094
633,0,321,0,294,0,321,0,274,1553,1528,4291
634,0,931,0,221,0,228,0,256,1694,1629,4959
635,0,299,0,233,0,218,0,321,1489,1641,4201
636,0,235,0,227,0,233,0,302,1624,1567,4188
637,0,234,0,411,0,293,0,323,1529,1572,4362
638,0,251,0,252,0,287,0,271,1641,1553,4255
639,0,272,0,263,0,285,0,283,1605,1526,4234
640,0,237,0,383,0,311,0,234,1585,1605,4355
641,0,302,0,249,0,200,0,242,1421,1561,3975
642,0,277,0,289,0,350,0,295,1476,1617,4304
643,0,283,0,289,0,245,0,270,1656,1471,4214
644,0,257,0,338,0,184,0,195,1698,1617,4289
645,0,241,1,310,0,283,0,229,1581,1587,4231
646,0,343,0,283,0,258,0,421,1569,1572,4446
647,0,260,0,424,0,352,0,223,1630,1563,4452
648,0,214,0,251,0,273,0,264,1568,1669,4239
649,0,371,0,225,0,350,0,323,1657,1660,4586
650,0,272,0,235,0,273,0,256,1595,1687,4318
651,0,264,0,400,0,331,0,287,1529,1628,4439
652,0,225,0,216,0,191,0,257,1635,1646,4170
653,0,205,0,324,0,297,0,236,1516,1644,4222
654,0,415,0,267,0,263,0,195,1641,1464,4245
655,0,232,0,392,1,240,0,289,1667,1194,4014
656,0,281,0,333,0,347,0,256,1627,1619,4463
657,0,276,0,737,0,383,0,238,1614,1587,4835
658,0,333,0,248,0,280,0,302,1667,1644,4474
659,0,177,0,212,0,231,0,283,1626,1680,4209
660,0,376,0,292,0,267,0,284,1490,1450,4159
661,0,245,0,278,0,254,0,351,1620,1585,4333
662,0,326,0,250,0,268,0,193,1700,1620,4357
663,0,287,0,283,0,336,0,183,1691,1528,4308
664,0,283,0,261,0,187,0,406,1395,1655,4187
665,0,225,0,281,0,393,0,295,1436,1639,4269
666,0,343,0,343,0,235,1,365,1619,1526,4431
667,0,341,0,294,0,249,0,247,1584,1583,4298
668,0,240,0,292,0,283,0,410,1432,1650,4307
669,0,250,0,172,0,293,0,293,1640,1562,4210
670,0,279,0,396,0,298,0,328,1568,1657,4526
671,5,3969.364824120603,0,223,0,276,0,263,1634,1565,7930.364824120603
672,0,219,0,289,0,221,0,251,1541,1603,4124
673,0,262,1,240,0,296,0,257,1714,1603,4372
674,0,302,0,358,0,367,0,265,1585,1597,4474
675,0,219,0,251,0,241,0,334,1587,1704,4336
676,0,268,0,303,0,194,0,228,1650,1572,4215
677,0,295,0,339,0,243,0,281,1699,1662,4519
678,0,294,0,227,0,300,0,294,1697,1659,4471
679,0,136,0,303,0,299,0,294,1645,1583,4260
680,0,271,0,297,0,237,0,284,1328,1634,4051
681,0,299,0,267,0,322,0,272,1629,1639,4428
682,0,235,0,326,0,293,0,340,1567,1614,4375
683,0,531,0,229,0,307,0,312,1626,1687,4692
684,0,306,0,203,0,362,0,326,1530,1554,4281
685,0,201,0,234,0,422,0,316,1588,1592,4353
686,0,224,0,336,0,259,0,283,1694,1555,4351
687,0,277,0,1098,0,241,0,235,1641,1621,5113
688,0,445,0,280,0,237,0,365,1586,1639,4552
689,0,314,0,304,0,580,0,250,1571,1576,4595
690,0,266,0,238,0,280,0,347,1637,1641,4409
691,0,254,1,357,1,232,0,245,1631,1535,4254
692,0,460,0,337,0,247,0,253,1525,1629,4451
693,0,293,0,437,0,184,0,264,1761,1428,4367
694,0,239,0,354,0,277,0,279,1604,1587,4340
695,0,337,0,288,0,215,0,343,1541,1643,4367
696,0,238,0,276,0,299,0,293,1572,1645,4323
697,0,207,0,261,0,787,0,331,1586,1697,4869
698,0,321,0,247,0,236,0,203,1669,282,2958
699,0,244,0,318,0,251,0,267,1617,1349,4046
700,0,258,0,238,0,259,0,255,1528,1574,4112
701,0,266,0,302,0,399,0,251,1572,1479,4269
702,0,234,0,254,0,298,0,174,1578,1635,4173
703,0,286,0,243,0,347,0,329,1463,1629,4297
704,0,297,0,321,1,267,0,295,1662,1613,4455
705,0,301,0,396,0,279,0,211,1647,1489,4323
706,0,354,0,338,0,321,0,325,1639,1565,4542
707,0,256,0,415,0,296,0,258,1514,1578,4317
708,0,393,0,268,0,252,0,222,1562,1628,4325
709,0,298,1,305,0,521,0,279,1628,1678,4709
710,0,317,0,267,0,244,0,223,1640,1585,4276
711,0,249,0,267,0,341,0,250,1514,1550,4171
712,0,279,0,339,0,287,0,225,1573,1604,4307
713,0,237,0,286,0,280,0,368,1572,1617,4360
714,0,370,0,275,0,413,0,296,1699,1651,4704
715,0,308,0,290,0,246,0,279,1699,1553,4375
716,0,267,0,304,0,415,0,200,1566,1598,4350
717,0,387,0,242,0,311,0,240,1652,1685,4517
718,0,212,0,396,0,387,0,255,1555,1620,4425
719,0,245,0,304,0,299,0,252,1645,1593,4338
720,0,280,0,231,0,249,0,354,1576,1510,4200
721,0,270,0,287,0,295,0,385,1617,1674,4528
722,0,177,0,308,0,255,1,323,1645,1610,4318
723,0,294,0,243,0,224,0,241,1518,1597,4117
724,0,316,0,276,2,1263.8412060301507,0,241,1553,1593,5242.841206030151
725,0,266,0,234,0,221,0,236,1697,1619,4273
726,0,290,0,344,0,292,0,308,1582,1662,4478
727,0,220,0,272,0,744,0,333,1636,1629,4834
728,0,296,0,230,0,295,0,234,1678,1601,4334
729,0,218,0,319,0,287,0,275,1598,1700,4397
730,0,272,0,234,0,269,0,230,1645,1667,4317
731,0,339,0,109,1,219,0,314,1436,1593,4010
732,1,343,0,275,0,278,0,303,1655,1519,4373
733,0,268,0,285,0,268,0,282,1587,1654,4344
734,0,236,0,339,0,282,0,283,1401,1699,4240
735,0,260,0,276,0,224,0,331,1527,1578,4196
736,0,251,0,308,0,360,0,288,1553,1594,4354
737,0,251,0,221,0,247,0,257,1536,1641,4153
738,0,308,0,296,0,292,0,293,1704,1617,4510
739,0,302,0,336,0,279,0,263,1635,1582,4397
740,0,475,0,327,0,362,0,355,1678,1698,4895
741,0,220,0,411,0,355,0,275,1671,1494,4426
742,0,290,0,294,1,144,0,276,1515,1644,4163
743,0,267,0,231,0,280,0,289,1632,1597,4296
744,0,255,0,276,0,293,0,302,1674,1657,4457
745,0,289,0,302,0,232,0,238,1585,1606,4252
746,0,272,0,247,0,172,0,260,1553,1532,4036
747,0,221,0,282,0,369,0,176,1619,1617,4284
748,0,280,0,230,0,249,0,271,1712,1441,4183
749,0,287,0,284,0,280,0,203,1630,1563,4247
750,0,239,0,234,0,230,0,413,1641,1516,4273
751,0,337,0,263,0,378,0,257,1657,1554,4446
752,0,383,0,284,0,236,0,411,1614,1532,4460
753,0,177,0,387,0,228,0,258,1605,1450,4105
754,0,251,0,279,0,181,0,245,1607,1640,4203
755,0,233,0,338,0,276,0,205,1630,1626,4308
756,0,273,0,251,0,266,0,188,1451,1583,4012
757,0,280,0,274,0,241,0,265,1571,1620,4251
758,0,354,0,283,0,274,0,288,1603,1658,4460
759,0,301,0,347,0,398,0,250,1609,1576,4481
760,0,308,0,290,0,230,0,302,1683,1592,4405
761,0,234,0,231,0,240,0,274,1569,1712,4260
762,0,225,0,261,0,473,0,334,1628,1691,4612
763,0,226,0,297,0,147,0,504,1529,1565,4268
764,0,343,0,237,0,311,0,344,1481,1587,4303
765,0,172,0,260,0,242,0,245,1291,1583,3793
766,0,317,0,237,0,389,0,235,1610,1565,4353
767,0,353,0,259,0,274,1,218,1625,1529,4258
768,0,232,0,297,0,313,1,258,1644,1645,4389
769,0,366,0,473,0,248,0,361,1584,1598,4630
770,0,295,0,248,0,255,0,247,1645,1570,4260
771,0,331,0,186,0,302,0,284,1645,1641,4389
772,1,303,0,355,0,268,0,308,1604,1630,4468
773,0,238,0,273,0,233,0,252,1621,1660,4277
774,2,1097.8412060301507,0,252,0,339,0,264,1815,1516,5283.841206030151
775,0,274,0,294,0,235,0,282,1563,1507,4155
776,0,318,0,237,0,504,0,244,1632,1815,4750
777,0,355,0,413,0,340,0,289,1536,1668,4601
778,0,184,0,276,0,392,0,277,1646,1581,4356
779,0,191,0,246,1,238,0,237,1688,1553,4153
780,0,392,0,284,0,242,0,234,1602,1628,4382
781,0,237,0,695,0,218,0,195,1613,1553,4511
782,0,217,0,316,0,275,0,247,1603,1474,4132
783,0,284,0,279,0,246,0,393,1662,1616,4480
784,0,331,0,248,0,232,0,393,1572,1495,4271
785,0,241,0,280,0,391,0,228,1700,1328,4168
786,0,288,0,259,0,260,0,289,1604,1619,4319
787,0,413,0,277,0,277,0,294,1566,1567,4394
788,0,251,0,301,0,222,0,293,1619,1604,4290
789,0,238,0,281,0,282,0,231,1587,1697,4316
790,1,532,0,392,0,260,0,261,1608,1715,4768
791,0,218,0,294,0,226,0,236,1643,1640,4257
792,0,382,0,248,0,236,0,301,1528,1635,4330
793,0,248,0,236,0,262,0,234,1602,1568,4150
794,0,280,0,267,0,495,0,322,1629,1656,4649
795,0,279,0,342,0,280,0,238,1604,1529,4272
796,0,356,0,229,0,260,0,272,1627,1540,4284
797,0,235,0,205,0,289,0,235,1477,1057,3498
798,0,187,0,272,0,923,0,178,1441,1645,4646
799,0,200,0,294,0,294,0,212,1585,1592,4177
800,0,219,0,279,0,243,0,302,1631,1617,4291
801,0,230,0,265,0,338,0,302,1558,1562,4255
802,0,297,0,333,0,347,0,294,1582,1157,4010
803,0,413,0,234,0,232,0,231,1667,1555,4332
804,0,233,0,324,0,343,1,304,1588,1402,4194
805,0,294,0,371,0,323,0,286,1588,1665,4527
806,0,305,0,351,0,227,0,231,1528,1528,4170
807,0,310,0,235,0,233,0,246,1603,1702,4329
808,0,436,0,306,0,231,0,275,1608,1528,4384
809,0,259,0,342,0,300,0,255,1702,1601,4459
810,0,475,0,239,0,357,0,304,1674,1615,4664
811,0,321,0,285,0,413,0,233,1667,1740,4659
812,0,305,0,262,0,243,0,243,1659,1657,4369
813,0,366,0,413,0,234,0,300,1604,1699,4616
814,0,265,0,392,0,253,0,396,1578,1664,4548
815,0,292,0,263,1,229,0,227,1535,1604,4150
816,0,305,0,426,0,330,0,444,1652,1658,4815
817,0,340,0,271,0,259,0,218,1617,1637,4342
818,0,227,0,258,0,296,0,240,1451,1679,4151
819,0,253,0,276,0,265,0,251,1617,1617,4279
820,0,253,0,264,0,515,0,339,1712,1712,4795
821,0,284,0,360,0,279,0,284,1619,1636,4462
822,0,255,0,255,0,194,0,311,1648,1619,4282
823,0,261,0,293,0,256,0,274,1474,1497,4055
824,0,374,0,288,0,302,0,291,1421,1582,4258
825,0,322,0,310,0,198,0,321,1436,1477,4064
826,0,287,0,344,0,278,0,355,1640,1645,4549
827,0,224,0,284,0,295,0,251,1633,1564,4251
828,0,286,0,436,0,285,0,306,1663,1641,4617
829,0,321,0,351,0,331,0,328,1648,1194,4173
830,0,311,0,292,0,257,0,326,1521,1701,4408
831,0,243,0,248,0,362,0,291,1562,1617,4323
832,0,240,0,227,0,147,1,240,1546,1432,3832
833,0,246,0,336,0,367,0,331,1569,1497,4346
834,0,200,0,471,1,244,0,234,1529,1572,4250
835,0,258,0,195,0,357,0,222,1605,1568,4205
836,0,281,0,278,0,284,0,787,1646,1536,4812
837,0,290,0,267,0,261,0,322,1699,1579,4418
838,0,350,0,372,0,318,0,355,1616,1683,4694
839,0,234,0,307,0,276,0,367,1502,1666,4352
840,0,255,0,317,0,354,0,264,1620,1625,4435
841,0,301,0,289,0,351,0,305,1600,1656,4502
842,0,235,0,327,0,744,0,228,1574,1616,4724
843,0,236,0,263,0,340,0,229,1620,1644,4332
844,0,279,0,303,0,340,0,289,1547,1644,4402
845,0,1644,0,284,0,221,0,225,1194,1617,5185
846,0,239,0,238,0,299,0,339,1530,1521,4166
847,0,263,0,227,0,260,0,248,1815,1578,4391
848,0,266,0,274,0,369,0,314,1645,1582,4450
849,0,251,0,574,0,283,0,241,1574,1436,4359
850,0,244,0,209,0,236,1,257,1619,1529,4094
851,0,321,0,279,0,422,0,265,1596,1634,4517
852,0,305,0,251,0,238,0,254,1585,1698,4331
853,0,266,0,279,0,239,0,223,1057,1566,3630
854,0,308,0,291,0,276,0,271,1585,1646,4377
855,0,342,0,266,0,220,0,273,1685,1648,4434
856,0,355,0,265,0,285,1,263,1682,1663,4513
857,0,293,0,294,0,351,0,328,1667,1685,4618
858,1,219,2,1262.8412060301507,0,338,0,183,1641,1401,5044.841206030151
859,0,289,0,286,0,220,0,256,1588,1525,4164
860,0,237,0,304,0,203,0,269,1715,1633,4361
861,0,345,0,437,0,314,0,273,1666,1644,4679
862,0,274,0,245,0,194,0,375,1606,1610,4304
863,0,196,0,262,0,351,0,266,1617,1471,4163
864,0,413,0,374,0,243,0,203,1607,1636,4476
865,0,292,0,141,0,236,0,271,1614,1326,3880
866,0,288,1,226,0,496,0,225,1662,1610,4507
867,0,220,0,342,0,310,0,268,1641,1572,4353
868,0,375,0,291,0,291,0,251,1593,1588,4389
869,0,285,0,300,0,453,0,259,1572,1630,4499
870,0,259,0,238,0,278,0,187,1705,1662,4329
871,0,399,0,307,0,343,0,271,1674,1559,4553
872,0,340,0,275,0,269,0,198,1690,1583,4355
873,0,535,0,253,0,296,0,255,1349,1574,4262
874,0,240,0,229,0,348,0,230,1692,1617,4356
875,0,274,0,290,0,268,0,322,1605,1629,4388
876,0,177,0,268,1,382,0,294,1644,1740,4505
877,0,333,0,218,0,277,0,271,1635,1600,4334
878,0,202,0,281,0,109,0,255,1620,1502,3969
879,0,418,0,269,0,346,0,233,1605,1610,4481
880,0,261,0,362,0,362,0,245,1395,1646,4271
881,0,302,0,276,0,283,0,253,1657,1571,4342
882,0,335,0,290,0,277,0,305,1700,1761,4668
883,0,425,0,316,0,419,0,261,1570,1667,4658
884,0,181,0,404,0,222,0,337,1574,1570,4288
885,0,276,0,268,0,346,0,245,1605,1688,4428
886,0,307,0,231,0,284,0,244,1715,1652,4433
887,0,238,0,483,0,238,0,382,1620,1667,4628
888,0,250,0,311,0,280,0,232,1571,1436,4080
889,0,593,0,330,0,531,0,313,1658,1572,4997
890,0,156,0,252,0,287,0,459,1608,1570,4332
891,1,312,0,372,0,261,0,266,1651,1639,4501
892,0,232,0,317,0,240,0,302,1668,1619,4378
893,0,295,1,225,0,209,0,319,1582,1497,4127
894,0,264,0,262,0,304,0,439,1578,1514,4361
895,0,272,0,272,0,235,0,279,1625,1592,4275
896,0,309,0,308,0,408,0,251,1514,1583,4373
897,0,238,0,245,1,287,0,232,1701,1627,4330
898,0,355,0,321,0,923,1,398,1667,1602,5266
899,0,364,0,250,0,228,0,291,1605,1514,4252
900,0,943,0,327,0,286,0,576,1626,1682,5440
901,0,251,0,309,0,283,0,221,1479,1635,4178
902,0,186,0,238,0,299,0,235,1628,1451,4037
903,0,254,0,276,0,287,0,293,1478,1639,4227
904,0,325,0,187,0,231,0,695,1576,1589,4603
905,0,223,0,203,0,317,0,400,1432,1618,4193
906,0,383,0,304,0,261,0,187,1608,1655,4398
907,0,208,0,223,0,238,0,362,1605,1636,4272
908,0,251,0,260,0,244,0,223,1618,1574,4170
909,0,239,0,389,0,313,0,237,1644,1576,4398
910,0,396,0,235,0,284,0,257,1626,1608,4406
911,0,311,0,260,0,266,0,271,1567,1688,4363
912,0,257,0,301,0,275,0,230,1696,1604,4363
913,0,229,0,282,0,322,0,280,1678,1705,4496
914,0,340,0,304,0,299,0,301,1591,1641,4476
915,0,319,0,338,0,206,0,297,1647,1655,4462
916,0,209,0,297,0,335,0,294,1683,1635,4453
917,0,392,0,251,0,290,0,288,1658,1605,4484
918,0,254,0,248,0,336,0,234,1583,1655,4310
919,0,295,0,335,0,269,0,376,1451,1586,4312
920,0,293,0,354,0,302,0,330,1428,1576,4283
921,0,330,0,237,0,362,0,543,1664,1666,4802
922,0,239,0,308,0,241,0,272,1621,1682,4363
923,0,297,0,404,0,943,0,294,1643,1663,5244
924,0,313,0,419,0,294,0,246,1690,1635,4597
925,0,287,0,322,0,280,0,209,1585,1594,4277
926,0,279,0,291,0,383,0,343,1652,1337,4285
927,2,1129.8412060301507,0,256,0,374,0,299,1665,1683,5406.841206030151
928,0,347,0,236,0,441,0,245,1512,1655,4436
929,0,315,0,375,0,288,0,205,1619,1604,4406
930,0,262,0,238,0,272,0,293,1515,1526,4106
931,0,325,0,333,0,245,0,290,1657,1605,4455
932,0,292,0,263,0,360,0,223,1584,1645,4367
933,0,399,0,318,0,277,0,333,1662,1512,4501
934,0,359,0,418,0,744,0,489,1630,1299,4939
935,0,278,0,248,0,299,0,322,1598,1642,4387
936,0,278,0,311,0,369,0,296,1639,1815,4708
937,0,321,0,296,0,234,0,292,1610,1568,4321
938,0,361,0,297,0,230,0,315,1607,1633,4443
939,0,277,0,272,0,330,0,279,1608,1815,4581
940,0,388,0,359,0,196,0,281,1600,1601,4425
941,0,295,0,253,0,261,0,296,1619,1510,4234
942,0,279,0,299,0,468,0,280,1667,1656,4649
943,0,288,0,252,0,251,0,240,1617,1665,4313
944,0,210,0,261,0,219,0,284,1591,1604,4169
945,0,224,0,309,0,280,0,415,1514,1610,4352
946,0,284,0,325,0,333,0,239,1637,1637,4455
947,0,263,0,239,0,231,0,374,1328,1582,4017
948,0,419,0,984,0,277,0,223,1547,1573,5023
949,0,236,0,424,0,281,0,241,1616,1566,4364
950,0,248,0,377,0,225,0,269,1633,1605,4357
951,0,247,0,299,0,461,0,272,1660,1626,4565
952,0,238,0,263,0,313,0,213,1655,1647,4329
953,0,272,0,381,0,338,0,276,1604,1349,4220
954,0,331,0,366,0,261,0,281,1674,1602,4515
955,0,302,0,358,0,264,0,341,1565,1617,4447
956,0,230,0,315,0,284,0,210,1617,1635,4291
957,0,291,0,343,0,407,0,421,1395,1645,4502
958,0,220,1,257,0,317,0,281,1624,1668,4367
959,0,366,0,263,0,254,0,215,1496,1659,4253
960,0,263,0,1416,0,274,1,279,1670,1646,5548
961,0,344,0,307,0,239,0,279,1602,1539,4310
962,0,278,0,276,0,250,0,271,1474,1645,4194
963,0,333,0,311,0,238,0,257,1589,1583,4311
964,0,235,0,229,0,313,0,241,1578,1489,4085
965,0,273,0,339,0,273,0,308,1668,1572,4433
966,0,253,0,355,0,308,0,283,1683,1417,4299
967,0,253,0,344,0,360,0,408,1644,1648,4657
968,0,309,1,247,0,355,0,282,1574,1581,4348
969,0,251,0,328,0,301,0,243,1706,1624,4453
970,0,317,0,279,0,191,0,237,1690,1706,4420
971,0,309,0,348,0,246,0,237,1667,1685,4492
972,0,931,0,322,0,240,0,335,1569,1815,5212
973,0,298,0,535,0,274,0,314,1634,1518,4573
974,0,205,0,241,0,242,0,230,1685,1291,3894
975,0,299,0,261,0,301,0,343,1694,1619,4517
976,0,291,0,304,1,238,0,232,1639,1652,4356
977,0,273,0,267,0,205,0,338,1496,1656,4235
978,0,228,0,293,0,316,0,282,1572,1555,4246
979,0,224,0,273,0,298,0,379,1704,1525,4403
980,0,247,1,293,0,299,0,265,1618,1572,4294
981,0,313,0,305,0,287,0,272,1618,1740,4535
982,0,209,0,321,0,276,0,292,1648,1571,4317
983,0,318,0,243,0,297,0,251,1668,1546,4323
984,0,276,0,280,0,187,0,294,282,1674,2993
985,0,265,0,181,0,268,0,287,1645,1592,4238
986,0,279,0,393,0,273,1,287,1514,1683,4429
987,0,256,0,322,0,296,0,247,1637,1157,3915
988,0,275,0,343,0,238,0,221,1636,1620,4333
989,0,266,0,289,0,335,0,307,1583,1566,4346
990,0,266,0,250,0,350,0,260,1284,1615,4025
991,0,298,0,235,0,483,0,296,1657,1621,4590
992,0,389,0,239,0,271,0,259,1450,1658,4266
993,0,272,0,234,0,233,0,176,1478,1621,4014
994,0,299,0,250,0,241,0,309,1645,1616,4360
995,0,313,2,1097.8412060301507,0,473,0,336,1245,1674,5138.841206030151
996,0,221,0,291,0,232,0,265,1714,1592,4315
997,0,331,0,247,0,268,0,316,1585,1613,4360
998,0,241,0,235,0,276,0,251,1587,1642,4232
